wavelengthmicrons,Reindex,Imindex
30,2.40604,6.08401
29.9,2.3033,6.05681
29.8,2.20535,6.0242
29.7,2.11225,5.98686
29.6,2.02403,5.94545
29.5,1.94063,5.90055
29.4,1.86195,5.85267
29.3,1.78787,5.80229
29.2,1.71823,5.7498
29.1,1.65286,5.69558
29,1.59157,5.63994
28.9,1.53419,5.58314
28.8,1.48052,5.52542
28.7,1.4304,5.46697
28.6,1.38366,5.40797
28.5,1.34011,5.34855
28.4,1.29962,5.28885
28.3,1.26203,5.22895
28.2,1.22722,5.16895
28.1,1.19506,5.10891
28,1.16544,5.04889
27.931,1.14645,5.00753
27.9,1.13827,4.98893
27.8,1.11345,4.92909
27.7,1.09091,4.86939
27.6,1.07059,4.80985
27.5,1.05243,4.75051
27.4,1.0364,4.69139
27.3,1.02247,4.63251
27.2,1.01062,4.57389
27.1,1.00085,4.51556
27,0.993157,4.45755
26.9,0.987565,4.39991
26.8,0.984101,4.34268
26.7,0.982806,4.28592
26.6,0.983729,4.2297
26.5,0.986929,4.17413
26.4,0.992471,4.1193
26.3,1.00043,4.06537
26.2,1.01087,4.01251
26.129,1.01982,3.97575
26.1,1.02386,3.96092
26,1.03946,3.91085
25.9,1.05771,3.86259
25.8,1.07861,3.81649
25.7,1.10213,3.77293
25.6,1.12816,3.73236
25.5,1.15651,3.69525
25.4,1.18691,3.66212
25.3,1.21894,3.6335
25.2,1.25204,3.60989
25.1,1.28549,3.59173
25,1.31841,3.57937
24.9,1.34977,3.57299
24.8,1.37842,3.57256
24.7,1.40315,3.57778
24.6,1.42274,3.58803
24.5455,1.43086,3.59542
24.5,1.43609,3.60239
24.4,1.44229,3.61964
24.3,1.4407,3.63831
24.2,1.43109,3.65677
24.1,1.41361,3.67336
24,1.38882,3.68652
23.9,1.35764,3.69488
23.8,1.32126,3.69736
23.7,1.28104,3.69325
23.6,1.23837,3.68219
23.5,1.19459,3.66412
23.4,1.15091,3.63929
23.3,1.10837,3.6081
23.2,1.06783,3.5711
23.1429,1.04581,3.54758
23.1,1.02993,3.5289
23,0.995186,3.48213
22.9,0.963949,3.43137
22.8,0.936481,3.3772
22.7,0.912968,3.3201
22.6,0.893555,3.26055
22.5,0.87837,3.19893
22.4,0.867548,3.13563
22.3,0.861245,3.07101
22.2,0.859657,3.00544
22.1,0.863021,2.93936
22,0.871615,2.8733
21.9,0.885731,2.80794
21.8919,0.887126,2.8027
21.8,0.905619,2.74421
21.7,0.931359,2.68337
21.6,0.96263,2.62705
21.5,0.998329,2.57723
21.4,1.03604,2.53582
21.3,1.07158,2.50369
21.2,1.09941,2.47894
21.1,1.11485,2.45511
21,1.11844,2.42194
20.9,1.11877,2.37052
20.8,1.12933,2.2997
20.7692,1.13653,2.27501
20.7,1.16134,2.21698
20.6,1.21948,2.134
20.5,1.30235,2.06182
20.4,1.40481,2.00885
20.3,1.52,1.98054
20.2,1.64055,1.9798
20.1,1.75918,2.00767
20,1.86879,2.06377
19.9,1.96216,2.14642
19.8,2.03193,2.25227
19.7561,2.05321,2.30471
19.7,2.07085,2.37561
19.6,2.0729,2.50774
19.5,2.03504,2.63716
19.4,1.95892,2.75098
19.3,1.85151,2.83761
19.2,1.7238,2.88946
19.1,1.58808,2.90426
19,1.45518,2.88443
18.9,1.33291,2.83523
18.8372,1.26374,2.7921
18.8,1.22587,2.76282
18.7,1.13614,2.67289
18.6,1.06424,2.57006
18.5,1.00992,2.45779
18.4,0.972775,2.3385
18.3,0.952607,2.21393
18.2,0.949703,2.08537
18.1,0.964958,1.95412
18,0.999887,1.8219
18,0.999887,1.8219
17.9,1.05642,1.69138
17.8,1.13628,1.56669
17.7,1.23996,1.45343
17.6,1.36568,1.35783
17.5,1.50924,1.28516
17.4,1.66527,1.23859
17.3,1.82874,1.21935
17.234,1.9387,1.22182
17.2,1.99576,1.22787
17.1,2.16326,1.26495
17,2.32824,1.33241
16.9,2.48652,1.43335
16.8,2.63129,1.57174
16.7,2.75129,1.75089
16.6,2.82948,1.96993
16.5306,2.84788,2.14007
16.5,2.84451,2.21765
16.4,2.77912,2.46649
16.3,2.63581,2.67569
16.2,2.44644,2.81127
16.1,2.25868,2.86938
16,2.1074,2.87782
15.9,1.99787,2.87519
15.8824,1.98161,2.8759
15.8,1.91035,2.88766
15.7,1.81782,2.91826
15.6,1.70333,2.95196
15.5,1.56656,2.96976
15.4,1.41848,2.96007
15.3,1.27213,2.92138
15.283,1.2482,2.91222
15.2,1.13681,2.85855
15.1,1.017,2.77848
15,0.9136,2.68738
14.9,0.825617,2.58995
14.8,0.75125,2.48934
14.7273,0.704601,2.41535
14.7,0.688551,2.38755
14.6,0.635723,2.28572
14.5,0.591221,2.18445
14.4,0.553776,2.08397
14.3,0.52237,1.98427
14.2105,0.498739,1.8956
14.2,0.496214,1.88519
14.1,0.47471,1.78646
14,0.457442,1.68773
13.9,0.444156,1.58859
13.8,0.434772,1.48856
13.7288,0.43052,1.41652
13.7,0.429398,1.38711
13.6,0.428381,1.28365
13.5,0.432392,1.17756
13.4,0.442566,1.06822
13.3,0.460718,0.955221
13.2787,0.46586,0.930668
13.2,0.489591,0.838816
13.1,0.53282,0.720914
13,0.59369,0.606488
12.9,0.671861,0.503421
12.8571,0.709296,0.464523
12.8,0.761249,0.4182
12.7,0.85363,0.351707
12.6,0.943344,0.300698
12.5,1.02794,0.261199
12.4615,1.05895,0.248364
12.4,1.10683,0.230017
12.3,1.18023,0.204893
12.2,1.24862,0.184268
12.1,1.31252,0.167065
12.0896,1.31896,0.165432
12,1.37244,0.15252
11.9,1.4288,0.140083
11.8,1.482,0.129347
11.7391,1.51297,0.12351
11.7,1.53235,0.120003
11.6,1.58014,0.111817
11.5,1.62561,0.104602
11.4085,1.66539,0.0987229
11.4,1.66898,0.0982118
11.3,1.71042,0.092529
11.2,1.75009,0.0874572
11.1,1.78814,0.0829173
11.0959,1.78967,0.0827411
11,1.82469,0.0788434
10.9,1.85984,0.0751806
10.8,1.8937,0.0718823
10.8,1.8937,0.0718823
10.7,1.92636,0.0689089
10.6,1.95788,0.0662266
10.5195,1.98248,0.0642585
10.5,1.98834,0.0638063
10.4,2.01781,0.0616226
10.3,2.04634,0.0596536
10.2532,2.05939,0.0587997
10.2,2.07398,0.0578802
10.1,2.10079,0.0562855
10,2.1268,0.0548547
10,2.1268,0.0548547
9.9,2.15206,0.0535748
9.8,2.1766,0.0524341
9.75904,2.18646,0.0520047
9.7,2.20047,0.0514225
9.6,2.22368,0.0505306
9.52941,2.23969,0.0499686
9.5,2.24627,0.0497503
9.4,2.26827,0.0490743
9.31034,2.28751,0.0485515
9.3,2.2897,0.0484961
9.2,2.31059,0.0480097
9.10112,2.33072,0.047614
9.1,2.33095,0.0476099
9,2.35081,0.047292
8.9011,2.36997,0.0470539
8.9,2.37018,0.0470517
8.8,2.38909,0.0468851
8.70968,2.40578,0.0467952
8.7,2.40755,0.0467889
8.6,2.42558,0.0467599
8.52632,2.43859,0.0467799
8.5,2.44319,0.0467954
8.4,2.46039,0.0468929
8.35052,2.46876,0.0469634
8.3,2.47721,0.0470502
8.2,2.49365,0.0472654
8.18182,2.4966,0.0473106
8.1,2.50972,0.0475367
8.0198,2.52235,0.0477938
8,2.52543,0.0478626
7.9,2.54081,0.0482419
7.86408,2.54625,0.0483909
7.8,2.55585,0.0486733
7.71429,2.56848,0.049084
7.7,2.57056,0.0491561
7.6,2.58496,0.0496893
7.57009,2.58921,0.0498585
7.5,2.59905,0.0502724
7.43119,2.60858,0.0507024
7.4,2.61285,0.050905
7.3,2.62636,0.0515867
7.2973,2.62672,0.0516058
7.2,2.63958,0.0523175
7.16814,2.64374,0.0525605
7.1,2.65253,0.0530972
7.04348,2.65973,0.0535596
7,2.66522,0.0539261
6.92308,2.6748,0.0545973
6.9,2.67764,0.0548044
6.80672,2.689,0.0556687
6.8,2.68981,0.0557327
6.7,2.70174,0.0567114
6.69421,2.70242,0.0567696
6.6,2.71342,0.0577414
6.58537,2.71511,0.0578965
6.5,2.72487,0.0588235
6.48,2.72713,0.0590463
6.4,2.73609,0.0599589
6.37795,2.73853,0.0602165
6.3,2.74709,0.0611488
6.27907,2.74936,0.0614048
6.2,2.75787,0.0623945
6.18321,2.75966,0.0626093
6.1,2.76844,0.0636978
6.09023,2.76946,0.0638283
6,2.77881,0.0650604
6,2.77881,0.0650604
5.91241,2.78772,0.0663042
5.9,2.78897,0.0664843
5.82734,2.79623,0.0675588
5.8,2.79894,0.067972
5.74468,2.80438,0.0688232
5.7,2.80872,0.0695258
5.66434,2.81217,0.0700965
5.6,2.81832,0.0711486
5.58621,2.81963,0.0713781
5.5102,2.82679,0.0726672
5.5,2.82774,0.0728436
5.43624,2.83366,0.0739634
5.4,2.83699,0.074614
5.36424,2.84026,0.0752662
5.3,2.84607,0.0764638
5.29412,2.8466,0.0765751
5.22581,2.85271,0.0778899
5.2,2.85499,0.078397
5.15924,2.85859,0.0792101
5.1,2.86376,0.0804184
5.09434,2.86425,0.0805356
5.03106,2.86972,0.081866
5,2.87238,0.0825331
4.96933,2.87499,0.0832013
4.90909,2.88009,0.0845412
4.9,2.88086,0.0847467
4.8503,2.88502,0.0858856
4.8,2.8892,0.0870655
4.7929,2.88979,0.0872343
4.73684,2.8944,0.0885873
4.7,2.89742,0.0894965
4.68208,2.89887,0.0899445
4.62857,2.90321,0.0913059
4.6,2.90551,0.0920475
4.57627,2.90742,0.0926714
4.52514,2.9115,0.0940409
4.5,2.9135,0.0947271
4.47514,2.91547,0.0954144
4.42623,2.91932,0.096792
4.4,2.92138,0.0975451
4.37838,2.92307,0.0981736
4.33155,2.92672,0.0995592
4.3,2.92917,0.100512
4.28571,2.93028,0.100949
4.24084,2.93374,0.102343
4.2,2.93688,0.103641
4.19689,2.93712,0.103741
4.15385,2.94041,0.105143
4.11168,2.94363,0.106549
4.1,2.94452,0.106944
4.07035,2.94677,0.10796
4.02985,2.94984,0.109375
4,2.9521,0.110439
3.99015,2.95284,0.110794
3.95122,2.95578,0.112217
3.91304,2.95866,0.113646
3.9,2.95964,0.114141
3.8756,2.96147,0.115079
3.83886,2.96424,0.116516
3.80282,2.96694,0.117958
3.8,2.96715,0.118072
3.76744,2.9696,0.119405
3.73272,2.9722,0.120857
3.7,2.97466,0.122255
3.69863,2.97476,0.122314
3.66516,2.97728,0.123776
3.63229,2.97975,0.125244
3.6,2.98218,0.126716
3.6,2.98218,0.126716
3.56828,2.98457,0.128194
3.53712,2.98692,0.129678
3.50649,2.98924,0.131167
3.5,2.98973,0.131487
3.47639,2.99152,0.132662
3.44681,2.99377,0.134162
3.41772,2.99599,0.135669
3.4,2.99735,0.136602
3.38912,2.99818,0.137181
3.361,3.00034,0.1387
3.33333,3.00248,0.140225
3.30612,3.00459,0.141756
3.3,3.00506,0.142105
3.27935,3.00667,0.143294
3.25301,3.00873,0.144839
3.22709,3.01076,0.14639
3.20158,3.01278,0.147948
3.2,3.0129,0.148046
3.17647,3.01477,0.149513
3.15175,3.01675,0.151086
3.12741,3.0187,0.152665
3.10345,3.02064,0.154252
3.1,3.02092,0.154483
3.07985,3.02256,0.155847
3.0566,3.02447,0.157449
3.03371,3.02636,0.159059
3.01115,3.02823,0.160677
3,3.02916,0.161489
2.98893,3.03009,0.162303
2.96703,3.03194,0.163937
2.94545,3.03377,0.16558
2.92419,3.03559,0.167231
2.90323,3.0374,0.168891
2.9,3.03768,0.16915
2.88256,3.0392,0.17056
2.86219,3.04099,0.172238
2.84211,3.04277,0.173925
2.8223,3.04454,0.175622
2.80277,3.04631,0.177328
2.8,3.04656,0.177572
2.78351,3.04806,0.179043
2.76451,3.04981,0.180768
2.74576,3.05155,0.182504
2.72727,3.05328,0.184249
2.70903,3.05501,0.186005
2.7,3.05587,0.186887
2.69103,3.05673,0.187772
2.67327,3.05844,0.189549
2.65574,3.06015,0.191337
2.63844,3.06186,0.193136
2.62136,3.06356,0.194947
2.6045,3.06526,0.196768
2.6,3.06571,0.197261
2.58786,3.06695,0.198602
2.57143,3.06864,0.200447
2.55521,3.07033,0.202305
2.53918,3.07201,0.204174
2.52336,3.07369,0.206056
2.50774,3.07537,0.207951
2.5,3.07621,0.208903
2.49231,3.07705,0.209859
2.47706,3.07873,0.211779
2.46201,3.0804,0.213713
2.44713,3.08208,0.215661
2.43243,3.08375,0.217622
2.41791,3.08542,0.219597
2.40356,3.0871,0.221587
2.4,3.08751,0.222086
2.38938,3.08877,0.223591
2.37537,3.09044,0.225609
2.36152,3.09211,0.227643
2.34783,3.09378,0.229691
2.33429,3.09546,0.231755
2.32092,3.09713,0.233835
2.30769,3.09881,0.23593
2.3,3.09979,0.237167
2.29462,3.10048,0.238042
2.28169,3.10216,0.24017
2.26891,3.10384,0.242314
2.25627,3.10552,0.244476
2.24377,3.1072,0.246655
2.2314,3.10888,0.248851
2.21918,3.11056,0.251065
2.20708,3.11225,0.253297
2.2,3.11325,0.254624
2.19512,3.11394,0.255547
2.18329,3.11563,0.257816
2.17158,3.11732,0.260104
2.16,3.11901,0.262411
2.14854,3.12071,0.264737
2.1372,3.12241,0.267083
2.12598,3.12411,0.26945
2.11488,3.12581,0.271836
2.1039,3.12752,0.274244
2.1,3.12813,0.275109
2.09302,3.12923,0.276672
2.08226,3.13094,0.279122
2.07161,3.13265,0.281594
2.06107,3.13436,0.284087
2.05063,3.13608,0.286603
2.0403,3.1378,0.289142
2.03008,3.13952,0.291704
2.01995,3.14125,0.294289
2.00993,3.14297,0.296897
2,3.1447,0.29953
2,3.1447,0.29953
1.99017,3.14643,0.302188
1.99,3.14646,0.302234
1.98044,3.14816,0.30487
1.98,3.14824,0.304992
1.9708,3.1499,0.307577
1.97,3.15004,0.307805
1.96126,3.15164,0.31031
1.96,3.15187,0.310674
1.95181,3.15337,0.313068
1.95,3.15371,0.313602
1.94245,3.15511,0.315853
1.94,3.15557,0.31659
1.93317,3.15686,0.318665
1.93,3.15746,0.31964
1.92399,3.1586,0.321504
1.92,3.15936,0.322755
1.91489,3.16034,0.32437
1.91,3.16129,0.325935
1.90588,3.16209,0.327264
1.9,3.16324,0.329184
1.89696,3.16384,0.330187
1.89,3.16521,0.332503
1.88811,3.16558,0.333138
1.88,3.1672,0.335895
1.87935,3.16733,0.336118
1.87067,3.16908,0.339127
1.87,3.16922,0.339362
1.86207,3.17083,0.342166
1.86,3.17125,0.342906
1.85355,3.17258,0.345236
1.85,3.17331,0.346531
1.8451,3.17433,0.348336
1.84,3.17539,0.350239
1.83673,3.17607,0.351468
1.83,3.17749,0.354032
1.82844,3.17782,0.354631
1.82022,3.17957,0.357826
1.82,3.17962,0.357914
1.81208,3.18131,0.361053
1.81,3.18176,0.361887
1.80401,3.18306,0.364313
1.8,3.18393,0.365955
1.79601,3.1848,0.367606
1.79,3.18612,0.370122
1.78808,3.18654,0.370933
1.78022,3.18828,0.374294
1.78,3.18833,0.374389
1.77243,3.19002,0.37769
1.77,3.19056,0.378762
1.76471,3.19175,0.381121
1.76,3.19281,0.383244
1.75705,3.19348,0.384587
1.75,3.19508,0.387838
1.74946,3.1952,0.388089
1.74194,3.19693,0.391627
1.74,3.19737,0.392548
1.73448,3.19864,0.395202
1.73,3.19968,0.39738
1.72708,3.20035,0.398815
1.72,3.202,0.402337
1.71975,3.20206,0.402465
1.71247,3.20376,0.406153
1.71,3.20434,0.407423
1.70526,3.20546,0.409879
1.7,3.2067,0.412644
1.69811,3.20714,0.413645
1.69102,3.20882,0.41745
1.69,3.20907,0.418004
1.68399,3.2105,0.421294
1.68,3.21145,0.423509
1.67702,3.21216,0.425179
1.6701,3.21382,0.429105
1.67,3.21384,0.429164
1.66324,3.21546,0.433072
1.66,3.21624,0.434975
1.65644,3.2171,0.437081
1.65,3.21865,0.440946
1.64969,3.21872,0.441131
1.643,3.22034,0.445224
1.64,3.22106,0.447085
1.63636,3.22194,0.44936
1.63,3.22348,0.453397
1.62978,3.22353,0.453539
1.62325,3.22511,0.457762
1.62,3.22589,0.45989
1.61677,3.22667,0.462029
1.61034,3.22822,0.46634
1.61,3.2283,0.466569
1.60396,3.22975,0.470696
1.6,3.2307,0.473442
1.59763,3.23127,0.475097
1.59136,3.23276,0.479544
1.59,3.23309,0.480515
1.58513,3.23425,0.484037
1.58,3.23546,0.487797
1.57895,3.23571,0.488576
1.57282,3.23715,0.493162
1.57,3.23781,0.495296
1.56673,3.23858,0.497795
1.56069,3.23998,0.502475
1.56,3.24014,0.503018
1.5547,3.24136,0.507203
1.55,3.24243,0.510973
1.54876,3.24272,0.511978
1.54286,3.24405,0.516802
1.54,3.24469,0.519168
1.537,3.24536,0.521674
1.53119,3.24664,0.526595
1.53,3.2469,0.527614
1.52542,3.2479,0.531564
1.52,3.24906,0.536317
1.5197,3.24913,0.536583
1.51402,3.25033,0.541651
1.51,3.25116,0.545289
1.50838,3.2515,0.546768
1.50278,3.25263,0.551935
1.5,3.25319,0.554538
1.49723,3.25374,0.557152
1.49171,3.25481,0.562419
1.49,3.25514,0.564073
1.48624,3.25585,0.567735
1.4808,3.25685,0.573102
1.48,3.257,0.573904
1.47541,3.25782,0.578519
1.47005,3.25875,0.583985
1.47,3.25876,0.584041
1.46474,3.25963,0.589502
1.46,3.2604,0.594494
1.45946,3.26048,0.595069
1.45422,3.26129,0.600685
1.45,3.26191,0.605273
1.44902,3.26205,0.606351
1.44385,3.26277,0.612067
1.44,3.26328,0.616387
1.43872,3.26344,0.617833
1.43363,3.26407,0.623647
1.43,3.26448,0.627845
1.42857,3.26464,0.629511
1.42355,3.26517,0.635423
1.41856,3.26564,0.641384
1.41361,3.26607,0.647393
1.4087,3.26644,0.65345
1.40381,3.26675,0.659553
1.39896,3.26701,0.665704
1.39415,3.2672,0.671901
1.38937,3.26734,0.678143
1.38462,3.26742,0.684431
1.3799,3.26743,0.690762
1.37521,3.26738,0.697138
1.37056,3.26727,0.703557
1.36594,3.26708,0.710017
1.36134,3.26683,0.716519
1.35678,3.26651,0.723062
1.35225,3.26612,0.729644
1.34775,3.26565,0.736264
1.34328,3.26512,0.742922
1.34,3.26467,0.747864
1.33884,3.2645,0.749616
1.33443,3.26381,0.756345
1.33005,3.26304,0.763109
1.33,3.26303,0.763185
1.3257,3.26219,0.769905
1.32137,3.26125,0.776732
1.32,3.26094,0.778911
1.31707,3.26024,0.78359
1.3128,3.25914,0.790476
1.31,3.25837,0.795038
1.30856,3.25796,0.797389
1.30435,3.25669,0.804328
1.30016,3.25533,0.811291
1.3,3.25528,0.811559
1.296,3.25388,0.818277
1.29187,3.25235,0.825283
1.29,3.25162,0.828467
1.28776,3.25072,0.832308
1.28368,3.249,0.839351
1.28,3.24736,0.845747
1.27962,3.24719,0.846409
1.27559,3.24528,0.853481
1.27159,3.24328,0.860564
1.27,3.24245,0.863383
1.26761,3.24118,0.867657
1.26365,3.23898,0.874757
1.26,3.23686,0.881356
1.25972,3.23669,0.881864
1.25581,3.2343,0.888974
1.25193,3.23181,0.896085
1.25,3.23052,0.89964
1.24807,3.22921,0.903195
1.24424,3.22652,0.910303
1.24043,3.22373,0.917405
1.24,3.22341,0.918206
1.23664,3.22084,0.9245
1.23288,3.21784,0.931585
1.23,3.21547,0.93702
1.22914,3.21475,0.938657
1.22542,3.21155,0.945716
1.22172,3.20824,0.952757
1.22,3.20667,0.956041
1.21805,3.20484,0.959779
1.21439,3.20133,0.96678
1.21076,3.19772,0.973757
1.21,3.19695,0.975224
1.20715,3.19401,0.980707
1.20357,3.1902,0.987628
1.2,3.18628,0.994518
1.2,3.18628,0.994518
1.19645,3.18227,1.00137
1.19293,3.17815,1.00819
1.19,3.17463,1.01387
1.18943,3.17393,1.01497
1.18594,3.16962,1.02171
1.18248,3.1652,1.02841
1.18,3.16196,1.03321
1.17904,3.16069,1.03506
1.17562,3.15607,1.04166
1.17221,3.15137,1.04822
1.17,3.14824,1.05247
1.16883,3.14656,1.05471
1.16547,3.14166,1.06116
1.16212,3.13667,1.06754
1.16,3.13344,1.07159
1.1588,3.13159,1.07387
1.15549,3.12642,1.08013
1.1522,3.12115,1.08633
1.15,3.11756,1.09048
1.14894,3.1158,1.09247
1.14569,3.11037,1.09853
1.14245,3.10484,1.10453
1.14,3.10057,1.10906
1.13924,3.09924,1.11045
1.13604,3.09355,1.1163
1.13287,3.08779,1.12208
1.13,3.08249,1.12725
1.12971,3.08195,1.12777
1.12656,3.07603,1.13339
1.12344,3.07003,1.13892
1.12033,3.06397,1.14438
1.12,3.06332,1.14495
1.11724,3.05784,1.14974
1.11417,3.05163,1.15503
1.11111,3.04537,1.16022
1.11,3.04306,1.1621
1.10807,3.03904,1.16533
1.10505,3.03264,1.17035
1.10204,3.02619,1.17527
1.1,3.02176,1.17858
1.09905,3.01968,1.18011
1.09608,3.01312,1.18485
1.09312,3.0065,1.1895
1.09017,2.99984,1.19406
1.09,2.99944,1.19432
1.08725,2.99313,1.19851
1.08434,2.98637,1.20288
1.08144,2.97957,1.20714
1.08,2.97615,1.20924
1.07856,2.97273,1.21131
1.0757,2.96585,1.21539
1.07285,2.95893,1.21936
1.07001,2.95198,1.22323
1.07,2.95195,1.22325
1.06719,2.945,1.22701
1.06439,2.93799,1.23069
1.0616,2.93095,1.23427
1.06,2.92689,1.23628
1.05882,2.92389,1.23775
1.05606,2.91681,1.24113
1.05332,2.90971,1.24441
1.05058,2.90259,1.2476
1.05,2.90106,1.24827
1.04787,2.89545,1.25069
1.04516,2.8883,1.25367
1.04247,2.88114,1.25657
1.04,2.87452,1.25915
1.03979,2.87397,1.25936
1.03713,2.86679,1.26206
1.03448,2.85961,1.26466
1.03185,2.85243,1.26717
1.03,2.84737,1.26887
1.02922,2.84524,1.26958
1.02662,2.83806,1.27189
1.02402,2.83088,1.27412
1.02144,2.8237,1.27625
1.02,2.8197,1.2774
1.01887,2.81654,1.27829
1.01631,2.80937,1.28024
1.01377,2.80222,1.2821
1.01124,2.79508,1.28387
1.01,2.79159,1.28471
1.00872,2.78796,1.28556
1.00621,2.78085,1.28715
1.00372,2.77375,1.28866
1.00124,2.76668,1.29009
1,2.76314,1.29077
0.998767,2.75962,1.29144
0.99631,2.75258,1.2927
0.993865,2.74557,1.29388
0.991432,2.73858,1.29498
0.99,2.73446,1.29559
0.989011,2.73161,1.296
0.986602,2.72467,1.29694
0.984204,2.71775,1.29781
0.981818,2.71087,1.2986
0.98,2.70562,1.29916
0.979444,2.70401,1.29932
0.977081,2.69718,1.29997
0.974729,2.69038,1.30054
0.972389,2.68362,1.30105
0.97006,2.67689,1.30149
0.97,2.67671,1.3015
0.967742,2.67019,1.30186
0.965435,2.66352,1.30216
0.963139,2.65689,1.3024
0.960854,2.6503,1.30258
0.96,2.64783,1.30263
0.95858,2.64374,1.30269
0.956316,2.63722,1.30275
0.954064,2.63073,1.30274
0.951821,2.62429,1.30268
0.95,2.61905,1.30258
0.94959,2.61788,1.30256
0.947368,2.61151,1.30238
0.945158,2.60517,1.30215
0.942957,2.59888,1.30187
0.940767,2.59263,1.30153
0.94,2.59044,1.3014
0.938586,2.58642,1.30114
0.936416,2.58024,1.30071
0.934256,2.57411,1.30022
0.932106,2.56802,1.29969
0.93,2.56207,1.29912
0.929966,2.56197,1.29912
0.927835,2.55596,1.29849
0.925714,2.54999,1.29783
0.923603,2.54406,1.29712
0.921502,2.53817,1.29637
0.92,2.53398,1.29581
0.91941,2.53233,1.29558
0.917327,2.52652,1.29475
0.915254,2.52076,1.29388
0.913191,2.51503,1.29298
0.911136,2.50935,1.29204
0.91,2.50621,1.2915
0.909091,2.50371,1.29106
0.907055,2.49811,1.29005
0.905028,2.49254,1.28901
0.90301,2.48702,1.28793
0.901001,2.48154,1.28683
0.9,2.47882,1.28626
0.899001,2.4761,1.28569
0.89701,2.4707,1.28452
0.895028,2.46533,1.28332
0.893054,2.46001,1.2821
0.891089,2.45473,1.28085
0.89,2.4518,1.28014
0.889133,2.44948,1.27957
0.887185,2.44427,1.27826
0.885246,2.4391,1.27694
0.883315,2.43397,1.27558
0.881393,2.42887,1.27421
0.88,2.42519,1.27319
0.879479,2.42381,1.27281
0.877573,2.41879,1.27138
0.875676,2.4138,1.26994
0.873786,2.40885,1.26848
0.871905,2.40394,1.26699
0.870032,2.39906,1.26549
0.87,2.39898,1.26546
0.868167,2.39422,1.26396
0.86631,2.38941,1.26242
0.864461,2.38463,1.26086
0.86262,2.37989,1.25928
0.860786,2.37518,1.25769
0.86,2.37316,1.257
0.858961,2.3705,1.25607
0.857143,2.36586,1.25445
0.855333,2.36124,1.2528
0.85353,2.35666,1.25114
0.851735,2.35211,1.24947
0.85,2.34772,1.24783
0.849948,2.34759,1.24778
0.848168,2.3431,1.24608
0.846395,2.33864,1.24436
0.84463,2.33421,1.24263
0.842872,2.32981,1.24089
0.841121,2.32544,1.23913
0.84,2.32264,1.23799
0.839378,2.3211,1.23736
0.837642,2.31678,1.23558
0.835913,2.31249,1.23379
0.834192,2.30823,1.23198
0.832477,2.30399,1.23016
0.830769,2.29978,1.22833
0.83,2.29789,1.2275
0.829069,2.2956,1.22649
0.827375,2.29144,1.22464
0.825688,2.2873,1.22278
0.824008,2.2832,1.22091
0.822335,2.27911,1.21902
0.820669,2.27505,1.21713
0.82,2.27342,1.21636
0.819009,2.27101,1.21522
0.817356,2.26699,1.21331
0.81571,2.263,1.21138
0.81407,2.25903,1.20945
0.812437,2.25508,1.2075
0.810811,2.25115,1.20555
0.81,2.24919,1.20456
0.809191,2.24724,1.20358
0.807577,2.24336,1.2016
0.80597,2.23949,1.19962
0.804369,2.23564,1.19762
0.802775,2.23182,1.19561
0.801187,2.22801,1.19359
0.8,2.22517,1.19207
0.799605,2.22422,1.19157
0.79803,2.22045,1.18953
0.79646,2.2167,1.18748
0.794897,2.21297,1.18542
0.79334,2.20925,1.18335
0.791789,2.20555,1.18127
0.790244,2.20187,1.17918
0.79,2.20129,1.17885
0.788705,2.1982,1.17708
0.787172,2.19456,1.17497
0.785645,2.19092,1.17284
0.784124,2.18731,1.17071
0.782609,2.18371,1.16856
0.781099,2.18012,1.1664
0.78,2.17751,1.16482
0.779596,2.17655,1.16423
0.778098,2.173,1.16205
0.776606,2.16946,1.15985
0.77512,2.16593,1.15765
0.773639,2.16242,1.15543
0.772164,2.15892,1.15319
0.770695,2.15544,1.15095
0.77,2.1538,1.14988
0.769231,2.15197,1.14869
0.767773,2.14852,1.14642
0.76632,2.14507,1.14413
0.764873,2.14165,1.14183
0.763431,2.13823,1.13951
0.761994,2.13483,1.13718
0.760563,2.13144,1.13484
0.76,2.1301,1.13391
0.759138,2.12806,1.13248
0.757717,2.1247,1.1301
0.756303,2.12135,1.12771
0.754893,2.11801,1.1253
0.753488,2.11468,1.12287
0.752089,2.11137,1.12043
0.750695,2.10806,1.11797
0.75,2.10642,1.11674
0.749306,2.10478,1.1155
0.747922,2.1015,1.113
0.746544,2.09823,1.11049
0.74517,2.09498,1.10795
0.743802,2.09174,1.1054
0.742438,2.08851,1.10283
0.74108,2.0853,1.10024
0.74,2.08274,1.09816
0.739726,2.0821,1.09763
0.738377,2.07891,1.095
0.737034,2.07573,1.09234
0.735695,2.07256,1.08967
0.734361,2.06941,1.08697
0.733032,2.06627,1.08425
0.731707,2.06315,1.08151
0.730388,2.06004,1.07875
0.73,2.05912,1.07793
0.729073,2.05694,1.07596
0.727763,2.05385,1.07314
0.726457,2.05078,1.07031
0.725157,2.04772,1.06744
0.723861,2.04468,1.06455
0.722569,2.04165,1.06164
0.721282,2.03864,1.0587
0.72,2.03564,1.05573
0.72,2.03564,1.05573
0.718722,2.03266,1.05274
0.717449,2.02969,1.04971
0.71618,2.02674,1.04666
0.714916,2.02381,1.04358
0.713656,2.02089,1.04047
0.712401,2.01799,1.03733
0.71115,2.01511,1.03416
0.71,2.01247,1.03121
0.709904,2.01224,1.03096
0.708661,2.0094,1.02773
0.707424,2.00657,1.02446
0.70619,2.00377,1.02117
0.704961,2.00098,1.01784
0.703736,1.99822,1.01448
0.702515,1.99547,1.01108
0.701299,1.99275,1.00765
0.700086,1.99006,1.00419
0.7,1.98986,1.00394
0.698878,1.98738,1.00069
0.697674,1.98473,0.997157
0.696475,1.98211,0.993587
0.695279,1.97951,0.989981
0.694087,1.97693,0.986338
0.6929,1.97439,0.982658
0.691716,1.97187,0.97894
0.690537,1.96938,0.975184
0.69,1.96825,0.973457
0.689362,1.96692,0.97139
0.68819,1.96449,0.967558
0.687023,1.96209,0.963686
0.685859,1.95973,0.959775
0.6847,1.9574,0.955824
0.683544,1.9551,0.951833
0.682393,1.95284,0.947802
0.681245,1.95062,0.94373
0.680101,1.94843,0.939617
0.68,1.94824,0.939252
0.678961,1.94629,0.935464
0.677824,1.94418,0.931269
0.676692,1.94212,0.927032
0.675563,1.9401,0.922754
0.674438,1.93812,0.918434
0.673317,1.93619,0.914073
0.672199,1.9343,0.909669
0.671085,1.93247,0.905224
0.67,1.93072,0.900838
0.669975,1.93068,0.900737
0.668869,1.92895,0.896208
0.667766,1.92726,0.891637
0.666667,1.92564,0.887024
0.665571,1.92406,0.88237
0.664479,1.92255,0.877675
0.663391,1.92109,0.872939
0.662306,1.91969,0.868162
0.661224,1.91836,0.863345
0.660147,1.91709,0.858487
0.66,1.91692,0.857822
0.659072,1.91588,0.853591
0.658002,1.91474,0.848655
0.656934,1.91367,0.843681
0.65587,1.91268,0.838669
0.65481,1.91175,0.83362
0.653753,1.9109,0.828535
0.652699,1.91012,0.823415
0.651649,1.90942,0.81826
0.650602,1.9088,0.813071
0.65,1.90848,0.810063
0.649559,1.90826,0.80785
0.648519,1.90781,0.802598
0.647482,1.90744,0.797316
0.646449,1.90716,0.792004
0.645418,1.90696,0.786665
0.644391,1.90686,0.7813
0.643368,1.90685,0.775911
0.642347,1.90693,0.770498
0.64133,1.90711,0.765064
0.640316,1.90739,0.759611
0.64,1.9075,0.757903
0.639305,1.90777,0.75414
0.638298,1.90824,0.748654
0.637293,1.90882,0.743154
0.636292,1.90951,0.737642
0.635294,1.9103,0.732121
0.634299,1.91119,0.726593
0.633307,1.9122,0.721061
0.632319,1.91331,0.715526
0.631333,1.91454,0.709992
0.63035,1.91588,0.704461
0.63,1.91639,0.702486
0.629371,1.91734,0.698935
0.628394,1.91891,0.693419
0.627421,1.92059,0.687914
0.62645,1.9224,0.682423
0.625483,1.92432,0.67695
0.624518,1.92636,0.671497
0.623557,1.92852,0.666069
0.622598,1.9308,0.660667
0.621642,1.9332,0.655296
0.62069,1.93572,0.649958
0.62,1.93762,0.646107
0.61974,1.93836,0.644657
0.618793,1.94112,0.639397
0.617849,1.94401,0.634181
0.616908,1.94701,0.629012
0.61597,1.95014,0.623895
0.615034,1.95339,0.618832
0.614102,1.95675,0.613827
0.613172,1.96024,0.608884
0.612245,1.96384,0.604007
0.611321,1.96756,0.599199
0.610399,1.9714,0.594463
0.61,1.97311,0.592429
0.609481,1.97536,0.589803
0.608565,1.97942,0.585223
0.607652,1.9836,0.580727
0.606742,1.98789,0.576317
0.605834,1.99229,0.571998
0.604929,1.9968,0.567772
0.604027,2.00141,0.563643
0.603127,2.00612,0.559614
0.60223,2.01093,0.55569
0.601336,2.01584,0.551871
0.600445,2.02085,0.548163
0.6,2.02339,0.546351
0.599556,2.02595,0.544567
0.59867,2.03114,0.541087
0.597786,2.03641,0.537725
0.596905,2.04177,0.534485
0.596026,2.04721,0.531368
0.595151,2.05273,0.528378
0.594277,2.05832,0.525516
0.593407,2.06399,0.522785
0.592538,2.06972,0.520188
0.591673,2.07551,0.517725
0.59081,2.08136,0.515399
0.59,2.08692,0.513337
0.589949,2.08727,0.513211
0.589091,2.09324,0.511164
0.588235,2.09925,0.509259
0.587382,2.1053,0.507496
0.586531,2.1114,0.505878
0.585683,2.11753,0.504405
0.584838,2.1237,0.503079
0.583994,2.12989,0.501899
0.583153,2.13611,0.500867
0.582315,2.14235,0.499982
0.581479,2.14861,0.499246
0.580645,2.15488,0.498659
0.58,2.15975,0.498306
0.579814,2.16116,0.498221
0.578985,2.16744,0.49793
0.578158,2.17373,0.497789
0.577334,2.18001,0.497795
0.576512,2.18628,0.497948
0.575693,2.19254,0.498249
0.574876,2.19879,0.498695
0.574061,2.20502,0.499287
0.573248,2.21122,0.500022
0.572438,2.2174,0.500901
0.57163,2.22355,0.501921
0.570825,2.22966,0.503082
0.570021,2.23574,0.504382
0.57,2.2359,0.504418
0.56922,2.24178,0.505819
0.568421,2.24777,0.507392
0.567624,2.25372,0.509098
0.56683,2.25961,0.510937
0.566038,2.26545,0.512905
0.565248,2.27124,0.515001
0.56446,2.27696,0.517223
0.563674,2.28262,0.519569
0.562891,2.28822,0.522035
0.56211,2.29375,0.524621
0.561331,2.29921,0.527323
0.560554,2.30459,0.530139
0.56,2.30839,0.532218
0.559779,2.3099,0.533066
0.559006,2.31513,0.536101
0.558236,2.32028,0.539243
0.557467,2.32535,0.542488
0.556701,2.33034,0.545834
0.555937,2.33524,0.549277
0.555175,2.34005,0.552816
0.554415,2.34477,0.556447
0.553657,2.34941,0.560167
0.552901,2.35395,0.563973
0.552147,2.35839,0.567863
0.551396,2.36275,0.571834
0.550646,2.367,0.575882
0.55,2.3706,0.579439
0.549898,2.37116,0.580005
0.549153,2.37522,0.5842
0.548409,2.37919,0.588465
0.547667,2.38305,0.592795
0.546928,2.38681,0.597189
0.54619,2.39047,0.601643
0.545455,2.39404,0.606155
0.544721,2.3975,0.610721
0.543989,2.40085,0.615339
0.54326,2.40411,0.620007
0.542532,2.40726,0.624721
0.541806,2.41032,0.629479
0.541082,2.41327,0.634278
0.54036,2.41611,0.639115
0.54,2.4175,0.641548
0.53964,2.41886,0.643989
0.538922,2.4215,0.648895
0.538206,2.42405,0.653832
0.537492,2.42649,0.658798
0.536779,2.42883,0.663789
0.536069,2.43107,0.668804
0.53536,2.43321,0.67384
0.534653,2.43525,0.678895
0.533949,2.4372,0.683966
0.533246,2.43905,0.689052
0.532544,2.4408,0.69415
0.531845,2.44245,0.699258
0.531148,2.44401,0.704375
0.530452,2.44548,0.709497
0.53,2.44638,0.712834
0.529758,2.44685,0.714624
0.529066,2.44813,0.719753
0.528376,2.44932,0.724883
0.527687,2.45042,0.730012
0.527001,2.45143,0.735137
0.526316,2.45235,0.740258
0.525633,2.45318,0.745372
0.524951,2.45393,0.750479
0.524272,2.4546,0.755577
0.523594,2.45518,0.760663
0.522918,2.45567,0.765738
0.522244,2.45609,0.770799
0.521571,2.45643,0.775845
0.5209,2.45668,0.780875
0.520231,2.45686,0.785887
0.52,2.45691,0.787618
0.519564,2.45697,0.790881
0.518898,2.45699,0.795856
0.518234,2.45695,0.80081
0.517572,2.45683,0.805742
0.516911,2.45664,0.810651
0.516252,2.45638,0.815537
0.515595,2.45605,0.820398
0.51494,2.45565,0.825234
0.514286,2.45519,0.830044
0.513633,2.45466,0.834827
0.512983,2.45407,0.839582
0.512334,2.45342,0.844309
0.511687,2.4527,0.849007
0.511041,2.45192,0.853675
0.510397,2.45109,0.858313
0.51,2.45054,0.861162
0.509755,2.45019,0.86292
0.509114,2.44924,0.867495
0.508475,2.44823,0.872039
0.507837,2.44717,0.876551
0.507201,2.44606,0.88103
0.506567,2.44489,0.885476
0.505934,2.44367,0.889889
0.505303,2.44241,0.894268
0.504673,2.44109,0.898613
0.504045,2.43973,0.902923
0.503418,2.43832,0.907199
0.502793,2.43686,0.91144
0.50217,2.43536,0.915646
0.501548,2.43382,0.919816
0.500928,2.43223,0.923952
0.500309,2.4306,0.928051
0.5,2.42977,0.930088
0.499692,2.42893,0.932115
0.499076,2.42722,0.936144
0.498462,2.42548,0.940136
0.497849,2.42369,0.944092
0.497238,2.42187,0.948013
0.496628,2.42002,0.951897
0.49602,2.41812,0.955745
0.495413,2.4162,0.959557
0.494808,2.41424,0.963334
0.494204,2.41225,0.967074
0.493601,2.41022,0.970778
0.493001,2.40817,0.974446
0.492401,2.40609,0.978078
0.491803,2.40398,0.981674
0.491207,2.40183,0.985235
0.490612,2.39967,0.98876
0.490018,2.39747,0.992249
0.49,2.3974,0.992355
0.489426,2.39525,0.995703
0.488835,2.393,0.999122
0.488246,2.39073,1.00251
0.487658,2.38844,1.00585
0.487072,2.38612,1.00917
0.486486,2.38378,1.01245
0.485903,2.38141,1.01569
0.485321,2.37903,1.0189
0.48474,2.37663,1.02207
0.48416,2.3742,1.02522
0.483582,2.37176,1.02832
0.483005,2.36929,1.0314
0.48243,2.36681,1.03444
0.481856,2.36431,1.03744
0.481283,2.36179,1.04042
0.480712,2.35926,1.04336
0.480142,2.35671,1.04626
0.48,2.35607,1.04699
0.479574,2.35414,1.04914
0.479007,2.35156,1.05198
0.478441,2.34896,1.05479
0.477876,2.34635,1.05757
0.477313,2.34373,1.06032
0.476751,2.34109,1.06303
0.47619,2.33844,1.06572
0.475631,2.33578,1.06837
0.475073,2.3331,1.07099
0.474517,2.33042,1.07358
0.473961,2.32772,1.07615
0.473407,2.32501,1.07868
0.472855,2.32229,1.08118
0.472303,2.31956,1.08365
0.471753,2.31682,1.08609
0.471204,2.31407,1.08851
0.470657,2.31132,1.09089
0.47011,2.30855,1.09325
0.47,2.30799,1.09372
0.469565,2.30578,1.09557
0.469021,2.30299,1.09787
0.468479,2.3002,1.10014
0.467938,2.29741,1.10238
0.467398,2.2946,1.1046
0.466859,2.29179,1.10679
0.466321,2.28897,1.10895
0.465785,2.28615,1.11108
0.46525,2.28332,1.11319
0.464716,2.28048,1.11527
0.464183,2.27764,1.11732
0.463652,2.2748,1.11935
0.463122,2.27194,1.12135
0.462593,2.26909,1.12333
0.462065,2.26623,1.12528
0.461538,2.26336,1.1272
0.461013,2.2605,1.1291
0.460489,2.25762,1.13098
0.46,2.25494,1.13271
0.459966,2.25475,1.13283
0.459444,2.25187,1.13466
0.458924,2.24899,1.13646
0.458404,2.2461,1.13824
0.457886,2.24322,1.14
0.457369,2.24033,1.14173
0.456853,2.23743,1.14344
0.456338,2.23454,1.14512
0.455824,2.23164,1.14678
0.455312,2.22875,1.14842
0.454801,2.22585,1.15004
0.454291,2.22295,1.15164
0.453782,2.22004,1.15321
0.453274,2.21714,1.15476
0.452767,2.21424,1.15629
0.452261,2.21133,1.1578
0.451757,2.20842,1.15929
0.451253,2.20552,1.16075
0.450751,2.20261,1.1622
0.45025,2.1997,1.16362
0.45,2.19825,1.16432
0.44975,2.1968,1.16502
0.449251,2.19389,1.1664
0.448753,2.19098,1.16777
0.448257,2.18808,1.16911
0.447761,2.18517,1.17043
0.447267,2.18226,1.17173
0.446773,2.17936,1.17302
0.446281,2.17645,1.17428
0.44579,2.17355,1.17552
0.4453,2.17065,1.17675
0.444811,2.16774,1.17796
0.444323,2.16484,1.17914
0.443836,2.16194,1.18031
0.44335,2.15905,1.18146
0.442865,2.15615,1.1826
0.442381,2.15325,1.18371
0.441899,2.15036,1.18481
0.441417,2.14747,1.18589
0.440936,2.14458,1.18695
0.440457,2.14169,1.18799
0.44,2.13893,1.18897
0.439978,2.1388,1.18902
0.439501,2.13592,1.19002
0.439024,2.13304,1.19102
0.438549,2.13016,1.19199
0.438075,2.12728,1.19295
0.437601,2.1244,1.19389
0.437129,2.12153,1.19482
0.436658,2.11866,1.19572
0.436187,2.11579,1.19662
0.435718,2.11292,1.19749
0.43525,2.11006,1.19835
0.434783,2.1072,1.1992
0.434316,2.10434,1.20003
0.433851,2.10149,1.20084
0.433387,2.09864,1.20164
0.432924,2.09579,1.20242
0.432461,2.09294,1.20319
0.432,2.0901,1.20394
0.43154,2.08726,1.20468
0.43108,2.08442,1.2054
0.430622,2.08159,1.20611
0.430165,2.07876,1.2068
0.43,2.07774,1.20704
0.429708,2.07593,1.20748
0.429253,2.07311,1.20814
0.428798,2.07028,1.20879
0.428345,2.06747,1.20943
0.427892,2.06465,1.21005
0.427441,2.06184,1.21066
0.42699,2.05904,1.21125
0.42654,2.05623,1.21183
0.426092,2.05344,1.2124
0.425644,2.05064,1.21295
0.425197,2.04785,1.21349
0.424751,2.04506,1.21402
0.424306,2.04227,1.21453
0.423862,2.03949,1.21503
0.423419,2.03672,1.21552
0.422977,2.03394,1.216
0.422535,2.03118,1.21646
0.422095,2.02841,1.21691
0.421655,2.02565,1.21735
0.421217,2.02289,1.21777
0.420779,2.02014,1.21818
0.420343,2.01739,1.21858
0.42,2.01523,1.21889
0.419907,2.01464,1.21897
0.419472,2.0119,1.21935
0.419038,2.00917,1.21971
0.418605,2.00643,1.22006
0.418172,2.00371,1.2204
0.417741,2.00098,1.22073
0.417311,1.99826,1.22104
0.416881,1.99555,1.22135
0.416452,1.99283,1.22164
0.416025,1.99013,1.22193
0.415598,1.98742,1.2222
0.415172,1.98473,1.22246
0.414747,1.98203,1.2227
0.414322,1.97934,1.22294
0.413899,1.97666,1.22317
0.413476,1.97397,1.22338
0.413055,1.9713,1.22359
0.412634,1.96863,1.22378
0.412214,1.96596,1.22397
0.411795,1.9633,1.22414
0.411376,1.96064,1.2243
0.410959,1.95798,1.22445
0.410542,1.95533,1.22459
0.410127,1.95269,1.22473
0.41,1.95188,1.22476
0.409712,1.95005,1.22485
0.409298,1.94741,1.22496
0.408884,1.94478,1.22506
0.408472,1.94215,1.22515
0.40806,1.93953,1.22523
0.40765,1.93691,1.2253
0.40724,1.9343,1.22536
0.406831,1.93169,1.22541
0.406422,1.92909,1.22546
0.406015,1.92649,1.22549
0.405608,1.9239,1.22551
0.405203,1.92131,1.22553
0.404798,1.91872,1.22553
0.404393,1.91614,1.22553
0.40399,1.91357,1.22551
0.403587,1.911,1.22549
0.403186,1.90843,1.22545
0.402785,1.90587,1.22541
0.402385,1.90332,1.22536
0.401985,1.90076,1.2253
0.401587,1.89822,1.22523
0.401189,1.89568,1.22516
0.400792,1.89314,1.22507
0.400395,1.89061,1.22498
0.4,1.88808,1.22487
